beatmap_id,score,pp,mods,rank,score_time,update_time
4895825,4003396,221.687,0,S,2025-03-08T05:33:04.000Z,2025-07-23T23:46:15.000Z
4857995,5109062,226.332,0,S,2025-03-20T03:35:38.000Z,2025-07-23T23:46:15.000Z
4793476,1948334,250.582,0,A,2025-04-11T00:12:17.000Z,2025-07-23T23:46:15.000Z
4947078,4599010,238.777,0,A,2025-04-12T02:52:16.000Z,2025-07-23T23:46:15.000Z
4670418,6141520,218.509,0,A,2025-04-17T16:58:18.000Z,2025-07-23T23:46:15.000Z
4642244,1480578,231.315,0,A,2025-04-17T17:03:14.000Z,2025-07-23T23:46:15.000Z
4839949,3505708,220.744,0,A,2025-04-17T17:23:37.000Z,2025-07-23T23:46:15.000Z
4876550,341358,240.681,0,A,2025-04-18T02:31:43.000Z,2025-07-23T23:46:15.000Z
4905829,623330,255.141,0,A,2025-04-18T02:34:08.000Z,2025-07-23T23:46:15.000Z
4952941,15769538,227.705,0,A,2025-04-23T02:41:55.000Z,2025-07-23T23:46:15.000Z
4834702,1502972,223.737,0,A,2025-04-25T02:56:01.000Z,2025-07-23T23:46:15.000Z
4874355,1355310,217.679,0,A,2025-04-25T18:23:03.000Z,2025-07-23T23:46:15.000Z
4708806,3457778,217.921,0,A,2025-04-28T00:04:16.000Z,2025-07-23T23:46:15.000Z
4914702,3093040,248.746,0,A,2025-05-05T02:07:11.000Z,2025-07-23T23:46:15.000Z
1653519,11723356,225.637,0,A,2025-05-11T03:28:20.000Z,2025-07-23T23:46:15.000Z
2486881,22282600,227.86,0,A,2025-05-11T19:29:01.000Z,2025-07-23T23:46:15.000Z
4791605,2921464,221.297,0,A,2025-05-11T19:41:09.000Z,2025-07-23T23:46:15.000Z
4573965,11522120,229.413,0,A,2025-05-12T21:20:30.000Z,2025-07-23T23:46:15.000Z
4976301,9981348,239.851,0,A,2025-05-12T21:51:15.000Z,2025-07-23T23:46:15.000Z
4885549,4819436,227.71,0,S,2025-05-29T17:41:43.000Z,2025-07-23T23:46:15.000Z
5019869,2637756,228.073,0,A,2025-05-29T17:58:25.000Z,2025-07-23T23:46:15.000Z
4850780,785650,244.475,0,A,2025-05-29T18:09:37.000Z,2025-07-23T23:46:15.000Z
2129143,5629690,216.6,0,A,2025-05-31T05:02:07.000Z,2025-07-23T23:46:15.000Z
5045992,19137680,274.572,0,S,2025-05-31T05:10:34.000Z,2025-07-23T23:46:15.000Z
4872411,3545840,224.589,0,A,2025-05-31T05:19:53.000Z,2025-07-23T23:46:15.000Z
4881161,8181830,224.33,0,A,2025-06-01T15:57:32.000Z,2025-07-23T23:46:15.000Z
4773748,22836550,228.531,0,A,2025-06-03T17:20:51.000Z,2025-07-23T23:46:15.000Z
1808741,16506540,223.718,0,A,2025-06-03T17:32:07.000Z,2025-07-23T23:46:15.000Z
4896270,7564400,229.873,0,S,2025-06-04T03:01:57.000Z,2025-07-23T23:46:15.000Z
2628691,16254380,252.914,0,A,2025-06-04T03:23:38.000Z,2025-07-23T23:46:15.000Z
4834695,3593150,234.011,0,S,2025-06-04T04:09:49.000Z,2025-07-23T23:46:15.000Z
1862062,60176458,230.468,0,S,2025-06-04T17:04:41.000Z,2025-07-23T23:46:15.000Z
5033483,26591030,224.921,0,S,2025-06-04T17:23:56.000Z,2025-07-23T23:46:15.000Z
5046239,17511510,227.031,0,S,2025-06-04T17:28:03.000Z,2025-07-23T23:46:15.000Z
4834536,6775968,223.207,0,S,2025-06-04T17:53:36.000Z,2025-07-23T23:46:15.000Z
4724284,6851236,226.05,0,S,2025-06-04T22:29:55.000Z,2025-07-23T23:46:15.000Z
4424829,35808770,217.536,0,A,2025-06-04T22:53:58.000Z,2025-07-23T23:46:15.000Z
714001,1882160,240.473,0,A,2025-06-05T21:13:45.000Z,2025-07-23T23:46:15.000Z
4842099,1040880,225.627,0,A,2025-06-05T21:15:34.000Z,2025-07-23T23:46:15.000Z
4394861,30932390,218.058,0,S,2025-06-06T01:40:52.000Z,2025-07-23T23:46:15.000Z
4859785,5355004,224.274,0,S,2025-06-07T22:02:20.000Z,2025-07-23T23:46:15.000Z
4896246,10020970,255.02,0,S,2025-06-07T22:12:36.000Z,2025-07-23T23:46:15.000Z
4749569,2712420,228.183,0,S,2025-06-07T23:09:11.000Z,2025-07-23T23:46:15.000Z
4947374,11769380,224.88,0,A,2025-06-08T22:40:53.000Z,2025-07-23T23:46:15.000Z
4932659,4849330,216.918,0,A,2025-06-08T22:53:18.000Z,2025-07-23T23:46:15.000Z
4637546,6984970,252.871,0,A,2025-06-09T00:26:39.000Z,2025-07-23T23:46:15.000Z
4642531,19738370,247.614,0,A,2025-06-09T17:59:38.000Z,2025-07-23T23:46:15.000Z
4868016,3835572,225.829,0,A,2025-06-09T18:11:54.000Z,2025-07-23T23:46:15.000Z
3069102,3787270,255.844,0,A,2025-06-10T19:12:23.000Z,2025-07-23T23:46:15.000Z
4777711,7211270,217.96,0,A,2025-06-10T23:43:25.000Z,2025-07-23T23:46:15.000Z
5029627,16518722,219.434,0,A,2025-06-11T00:21:21.000Z,2025-07-23T23:46:15.000Z
4803942,737348,224.198,0,S,2025-06-11T18:35:16.000Z,2025-07-23T23:46:15.000Z
4971612,4624278,227.627,0,X,2025-06-12T02:08:01.000Z,2025-07-23T23:46:15.000Z
4966451,6542200,221.471,0,A,2025-06-12T17:48:53.000Z,2025-07-23T23:46:15.000Z
5113096,6852844,248.915,0,A,2025-06-12T22:11:19.000Z,2025-07-23T23:46:15.000Z
4872638,2197400,218.64,0,S,2025-06-13T18:46:27.000Z,2025-07-23T23:46:15.000Z
4774882,1948480,222.622,0,A,2025-06-14T02:27:48.000Z,2025-07-23T23:46:15.000Z
4993785,31964972,223.675,0,S,2025-06-14T20:47:39.000Z,2025-07-23T23:46:15.000Z
4962398,2362170,239.913,0,S,2025-06-15T21:35:14.000Z,2025-07-23T23:46:15.000Z
4942329,1709528,286.211,0,A,2025-06-15T21:40:40.000Z,2025-07-23T23:46:15.000Z
4952943,2330746,220.561,0,S,2025-06-15T21:43:03.000Z,2025-07-23T23:46:15.000Z
4777999,8729630,238.603,0,S,2025-06-23T21:46:53.000Z,2025-07-23T23:46:15.000Z
4885547,5378620,238.352,0,S,2025-06-23T21:54:00.000Z,2025-07-23T23:46:15.000Z
5127731,1970054,279.989,0,S,2025-06-24T20:07:36.000Z,2025-07-23T23:46:15.000Z
5127725,1878806,301.365,0,S,2025-06-24T20:11:44.000Z,2025-07-23T23:46:15.000Z
954692,7045240,221.561,0,S,2025-06-25T01:24:07.000Z,2025-07-23T23:46:15.000Z
4800049,870484,253.35,0,S,2025-06-25T23:07:12.000Z,2025-07-23T23:46:15.000Z
4901283,8642180,232.247,0,S,2025-06-29T21:30:19.000Z,2025-07-23T23:46:15.000Z
4637591,7375044,223.985,0,S,2025-06-30T21:48:47.000Z,2025-07-23T23:46:15.000Z
4806851,20752344,256.618,0,A,2025-06-30T22:13:46.000Z,2025-07-23T23:46:15.000Z
4905645,1042926,249.749,0,S,2025-06-30T23:00:25.000Z,2025-07-23T23:46:15.000Z
5114456,3093270,236.675,0,S,2025-07-01T20:21:14.000Z,2025-07-23T23:46:15.000Z
5073595,1787256,227.024,0,S,2025-07-03T02:57:30.000Z,2025-07-23T23:46:15.000Z
4852518,2594840,244.642,0,A,2025-07-03T03:27:54.000Z,2025-07-23T23:46:15.000Z
4852517,3501232,242.068,0,A,2025-07-03T03:30:09.000Z,2025-07-23T23:46:15.000Z
1556943,10420780,216.757,0,A,2025-07-03T18:42:10.000Z,2025-07-23T23:46:15.000Z
5014951,2525970,216.217,0,S,2025-07-03T19:09:00.000Z,2025-07-23T23:46:15.000Z
4750163,4599340,229.855,0,A,2025-07-03T19:15:45.000Z,2025-07-23T23:46:15.000Z
5100033,21262196,261.903,0,S,2025-07-05T20:05:55.000Z,2025-07-23T23:46:15.000Z
4637584,7943360,245.021,0,A,2025-07-08T20:25:15.000Z,2025-07-23T23:46:15.000Z
4924798,831490,231.536,0,A,2025-07-09T19:01:21.000Z,2025-07-23T23:46:15.000Z
5075617,879752,264.767,0,S,2025-07-09T19:31:30.000Z,2025-07-23T23:46:15.000Z
4889331,5288260,257.616,0,S,2025-07-10T00:56:16.000Z,2025-07-23T23:46:15.000Z
759192,771651,254.071,0,A,2025-07-12T17:31:39.000Z,2025-07-23T23:46:15.000Z
4962179,4971108,228.557,0,A,2025-07-12T18:47:32.000Z,2025-07-23T23:46:15.000Z
4916484,4642636,245.38,0,A,2025-07-12T22:43:05.000Z,2025-07-23T23:46:15.000Z
4801995,659712,234.74,0,A,2025-07-13T18:31:55.000Z,2025-07-23T23:46:15.000Z
4852515,6686960,231.207,0,A,2025-07-13T23:21:30.000Z,2025-07-23T23:46:15.000Z
5097762,7605252,274.225,0,A,2025-07-13T23:28:07.000Z,2025-07-23T23:46:15.000Z
4803734,2471596,259.492,0,S,2025-07-14T21:25:44.000Z,2025-07-23T23:46:15.000Z
5127729,1211390,285.633,0,A,2025-07-15T03:50:52.000Z,2025-07-23T23:46:15.000Z
4880186,3395580,254.775,0,A,2025-07-15T04:10:03.000Z,2025-07-23T23:46:15.000Z
4913599,503730,230.684,0,A,2025-07-17T02:54:51.000Z,2025-07-23T23:46:15.000Z
5098651,2420890,238.65,0,A,2025-07-17T02:57:08.000Z,2025-07-23T23:46:15.000Z
5013480,1686774,216.919,0,A,2025-07-17T18:20:26.000Z,2025-07-23T23:46:15.000Z
5013476,7437450,218.484,0,S,2025-07-17T18:24:02.000Z,2025-07-23T23:46:15.000Z
1676639,43670632,321.143,0,S,2025-07-18T00:19:32.000Z,2025-07-23T23:46:15.000Z
5013474,4504556,237.471,0,A,2025-07-18T00:31:37.000Z,2025-07-23T23:46:15.000Z
5169808,4808776,234.905,0,S,2025-07-23T00:00:43.000Z,2025-07-23T23:46:15.000Z
4771681,17670618,251.468,0,S,2025-07-23T03:39:52.000Z,2025-07-23T23:46:15.000Z
4778007,15344652,222.071,0,A,2025-07-24T00:56:08.000Z,2025-08-18T19:44:08.000Z
1090932,17791080,227.898,0,S,2025-07-24T18:22:12.000Z,2025-08-18T19:44:08.000Z
4860513,1518530,289.196,0,A,2025-07-30T03:45:34.000Z,2025-08-18T19:44:08.000Z
4852514,1383880,234.548,0,A,2025-07-30T03:47:33.000Z,2025-08-18T19:44:08.000Z
4829379,4473626,254.658,0,A,2025-07-30T03:50:23.000Z,2025-08-18T19:44:08.000Z
4852494,1247692,223.853,0,A,2025-07-30T20:35:10.000Z,2025-08-18T19:44:08.000Z
4916484,6739572,286.63,0,A,2025-07-30T20:43:36.000Z,2025-08-18T19:44:08.000Z
1277157,25179430,278.915,0,A,2025-07-30T20:52:32.000Z,2025-08-18T19:44:08.000Z
2349954,14320594,221.324,0,S,2025-07-31T19:50:52.000Z,2025-08-18T19:44:08.000Z
757003,27676056,321.2,0,A,2025-07-31T20:20:07.000Z,2025-08-18T19:44:08.000Z
5014951,2537754,224.107,0,S,2025-08-02T23:00:04.000Z,2025-08-18T19:44:08.000Z
4834695,3061177,239.449,16,A,2025-08-03T22:28:36.000Z,2025-08-18T19:44:08.000Z
5208042,4287999,226.937,16,A,2025-08-04T18:59:41.000Z,2025-08-18T19:44:08.000Z
5206826,3257138,220.595,16,A,2025-08-04T19:02:10.000Z,2025-08-18T19:44:08.000Z
4885549,4189258,253.701,0,A,2025-08-04T19:23:32.000Z,2025-08-18T19:44:08.000Z
4666832,4286908,251.657,0,A,2025-08-05T19:56:27.000Z,2025-08-18T19:44:08.000Z
4869100,6984760,262.266,0,A,2025-08-05T19:58:26.000Z,2025-08-18T19:44:08.000Z
4982315,2110476,274.181,0,A,2025-08-17T17:39:58.000Z,2025-08-18T19:44:08.000Z
4836716,1210184,267.261,0,S,2025-08-19T18:01:06.000Z,2025-08-22T01:35:17.000Z
5013474,3264976,266.088,0,A,2025-08-19T18:12:14.000Z,2025-08-22T01:35:17.000Z
4521905,15998960,241.94,0,A,2025-08-19T19:31:59.000Z,2025-08-22T01:35:17.000Z
